id;file_name;mime_type;document_type;upload_dir;uid;active;ad_organization_id
1;customer loyalty SQL;zero tolerance;Chicken Gorgeous Metal Mouse;New Mexico;01afad83-b674-4836-b8d0-074b70d54449;true;1
2;Gloves Credit Card Account;Supervisor Sri Lanka Rupee programming;deposit optical incubate;Assurance;d9018ca8-24fc-4bfb-91c7-9dc7f78c95ad;false;2
3;port next generation;Indiana;Arizona;Interactions Unbranded Frozen Chicken;2255f35f-d5b2-43cb-a190-f027ef60568b;false;3
4;Small Steel Soap Interactions;intangible bandwidth;Compatible;wireless scalable;f669d583-83e2-4ba6-a3d1-282443aa1d1b;false;4
5;Small Steel Buckinghamshire;Intelligent Tasty;SMTP Operations;Mount;95776289-c9e6-4051-bc16-77ab0c7cdc99;false;5
6;Iceland Krona mobile Grocery;Program Syrian Pound;withdrawal Incredible;Monaco;127a09df-5001-49bb-8345-9ce3b175abb8;false;6
7;content capability Iowa;Cambridgeshire relationships;copying Regional transmitter;Global Generic Wooden Mouse solution-oriented;43d8e12e-4434-4970-a198-edf399e6a279;false;7
8;Concrete black;Engineer;back up invoice intangible;program Bike generate;f8519374-2970-44e9-bcf9-4e7260617340;true;8
9;Small Granite Hat;Designer;Intranet;Representative interactive optimize;df349de1-afcf-429b-8b0c-5d9f205126d2;false;9
10;Zloty;Refined Rubber Bacon;Licensed Concrete Chair;Keyboard;2c86164b-f4a1-4c07-a85e-bcad85ef7a76;true;10
